http://dbpedia.org/resource/Barack_Obama	http://dbpedia.org/resource/Politician	7
http://dbpedia.org/resource/Barack_Obama	http://dbpedia.org/resource/Lawyer	0
http://dbpedia.org/resource/Barack_Obama	http://dbpedia.org/resource/Law_professor	1
http://dbpedia.org/resource/Barack_Obama	http://dbpedia.org/resource/Author	0
http://dbpedia.org/resource/William_Shakespeare	http://dbpedia.org/resource/Poet	7
http://dbpedia.org/resource/William_Shakespeare	http://dbpedia.org/resource/Playwright	7
http://dbpedia.org/resource/William_Shakespeare	http://dbpedia.org/resource/Lyricist	3
http://dbpedia.org/resource/William_Shakespeare	http://dbpedia.org/resource/Author	3
http://dbpedia.org/resource/George_W._Bush	http://dbpedia.org/resource/Public_speaker	1
http://dbpedia.org/resource/George_W._Bush	http://dbpedia.org/resource/Politician	7
http://dbpedia.org/resource/George_W._Bush	http://dbpedia.org/resource/Pilot	1
http://dbpedia.org/resource/George_W._Bush	http://dbpedia.org/resource/Businessperson	3
http://dbpedia.org/resource/George_W._Bush	http://dbpedia.org/resource/Author	1
http://dbpedia.org/resource/Napoleon	http://dbpedia.org/resource/Politician	7
http://dbpedia.org/resource/Napoleon	http://dbpedia.org/resource/Military_Officer	7
http://dbpedia.org/resource/Carl_Linnaeus	http://dbpedia.org/resource/Physician	6
http://dbpedia.org/resource/Carl_Linnaeus	http://dbpedia.org/resource/Botanist	7
http://dbpedia.org/resource/Carl_Linnaeus	http://dbpedia.org/resource/Biologist	5
http://dbpedia.org/resource/Bill_Clinton	http://dbpedia.org/resource/Teacher	0
http://dbpedia.org/resource/Bill_Clinton	http://dbpedia.org/resource/Statesman	6
http://dbpedia.org/resource/Bill_Clinton	http://dbpedia.org/resource/Lawyer	1
http://dbpedia.org/resource/Bill_Clinton	http://dbpedia.org/resource/Author	0
http://dbpedia.org/resource/Wolfgang_Amadeus_Mozart	http://dbpedia.org/resource/Violist	2
http://dbpedia.org/resource/Wolfgang_Amadeus_Mozart	http://dbpedia.org/resource/Violinist	2
http://dbpedia.org/resource/Wolfgang_Amadeus_Mozart	http://dbpedia.org/resource/Pianist	5
http://dbpedia.org/resource/Wolfgang_Amadeus_Mozart	http://dbpedia.org/resource/Composer	7
http://dbpedia.org/resource/Johann_Sebastian_Bach	http://dbpedia.org/resource/Violist	1
http://dbpedia.org/resource/Johann_Sebastian_Bach	http://dbpedia.org/resource/Violinist	1
http://dbpedia.org/resource/Johann_Sebastian_Bach	http://dbpedia.org/resource/Teacher	1
http://dbpedia.org/resource/Johann_Sebastian_Bach	http://dbpedia.org/resource/Organist	1
http://dbpedia.org/resource/Johann_Sebastian_Bach	http://dbpedia.org/resource/Harpsichordist	1
http://dbpedia.org/resource/Johann_Sebastian_Bach	http://dbpedia.org/resource/Composer	7
http://dbpedia.org/resource/Johann_Sebastian_Bach	http://dbpedia.org/resource/Cantor	0
http://dbpedia.org/resource/Bob_Dylan	http://dbpedia.org/resource/Singer-songwriter	7
http://dbpedia.org/resource/Bob_Dylan	http://dbpedia.org/resource/Record_producer	2
http://dbpedia.org/resource/Bob_Dylan	http://dbpedia.org/resource/Poet	2
http://dbpedia.org/resource/Bob_Dylan	http://dbpedia.org/resource/Peace_activist	0
http://dbpedia.org/resource/Bob_Dylan	http://dbpedia.org/resource/Lyricist	5
http://dbpedia.org/resource/Bob_Dylan	http://dbpedia.org/resource/Guitarist	5
http://dbpedia.org/resource/Bob_Dylan	http://dbpedia.org/resource/Film_Score_Composer	1
http://dbpedia.org/resource/Bob_Dylan	http://dbpedia.org/resource/Disc_jockey	0
http://dbpedia.org/resource/Bob_Dylan	http://dbpedia.org/resource/Author	0
http://dbpedia.org/resource/Bob_Dylan	http://dbpedia.org/resource/Actor	0
http://dbpedia.org/resource/John_F._Kennedy	http://dbpedia.org/resource/Politician	7
http://dbpedia.org/resource/John_F._Kennedy	http://dbpedia.org/resource/Military_Officer	2
http://dbpedia.org/resource/John_F._Kennedy	http://dbpedia.org/resource/Author	0
http://dbpedia.org/resource/Pope_John_Paul_II	http://dbpedia.org/resource/Writer	1
http://dbpedia.org/resource/Pope_John_Paul_II	http://dbpedia.org/resource/Priest	7
http://dbpedia.org/resource/Pope_John_Paul_II	http://dbpedia.org/resource/Philosopher	2
http://dbpedia.org/resource/Aristotle	http://dbpedia.org/resource/Writer	4
http://dbpedia.org/resource/Aristotle	http://dbpedia.org/resource/Tutor	1
http://dbpedia.org/resource/Aristotle	http://dbpedia.org/resource/Teacher	1
http://dbpedia.org/resource/Aristotle	http://dbpedia.org/resource/Scientist	6
http://dbpedia.org/resource/Aristotle	http://dbpedia.org/resource/Polymath	1
http://dbpedia.org/resource/Aristotle	http://dbpedia.org/resource/Philosopher	7
http://dbpedia.org/resource/Paul_McCartney	http://dbpedia.org/resource/Songwriter	7
http://dbpedia.org/resource/Paul_McCartney	http://dbpedia.org/resource/Social_activist	2
http://dbpedia.org/resource/Paul_McCartney	http://dbpedia.org/resource/Singer-songwriter	6
http://dbpedia.org/resource/Paul_McCartney	http://dbpedia.org/resource/Record_producer	4
http://dbpedia.org/resource/Paul_McCartney	http://dbpedia.org/resource/Poet	1
http://dbpedia.org/resource/Paul_McCartney	http://dbpedia.org/resource/Pianist	2
http://dbpedia.org/resource/Paul_McCartney	http://dbpedia.org/resource/Peace_activist	1
http://dbpedia.org/resource/Paul_McCartney	http://dbpedia.org/resource/Multi-instrumentalist	5
http://dbpedia.org/resource/Paul_McCartney	http://dbpedia.org/resource/Keyboard_player	2
http://dbpedia.org/resource/Paul_McCartney	http://dbpedia.org/resource/Guitarist	4
http://dbpedia.org/resource/Paul_McCartney	http://dbpedia.org/resource/Film_Score_Composer	2
http://dbpedia.org/resource/Paul_McCartney	http://dbpedia.org/resource/Film_Producer	1
http://dbpedia.org/resource/Paul_McCartney	http://dbpedia.org/resource/Entrepreneur	0
http://dbpedia.org/resource/Paul_McCartney	http://dbpedia.org/resource/Drummer	1
http://dbpedia.org/resource/Paul_McCartney	http://dbpedia.org/resource/Businessperson	2
http://dbpedia.org/resource/Paul_McCartney	http://dbpedia.org/resource/Bassist	5
http://dbpedia.org/resource/Julius_Caesar	http://dbpedia.org/resource/Politician	7
http://dbpedia.org/resource/Julius_Caesar	http://dbpedia.org/resource/Author	1
http://dbpedia.org/resource/Theodore_Roosevelt	http://dbpedia.org/resource/Statesman	5
http://dbpedia.org/resource/Theodore_Roosevelt	http://dbpedia.org/resource/Polymath	0
http://dbpedia.org/resource/Theodore_Roosevelt	http://dbpedia.org/resource/Police_officer	0
http://dbpedia.org/resource/Theodore_Roosevelt	http://dbpedia.org/resource/Historian	2
http://dbpedia.org/resource/Theodore_Roosevelt	http://dbpedia.org/resource/Conservationist	2
http://dbpedia.org/resource/Theodore_Roosevelt	http://dbpedia.org/resource/Author	4
http://dbpedia.org/resource/Walt_Disney	http://dbpedia.org/resource/Voice_Actor	3
http://dbpedia.org/resource/Walt_Disney	http://dbpedia.org/resource/Television_Producer	4
http://dbpedia.org/resource/Walt_Disney	http://dbpedia.org/resource/Screenwriter	6
http://dbpedia.org/resource/Walt_Disney	http://dbpedia.org/resource/Film_Producer	7
http://dbpedia.org/resource/Walt_Disney	http://dbpedia.org/resource/Film_Editor	2
http://dbpedia.org/resource/Walt_Disney	http://dbpedia.org/resource/Film_Director	4
http://dbpedia.org/resource/Walt_Disney	http://dbpedia.org/resource/Entrepreneur	5
http://dbpedia.org/resource/Walt_Disney	http://dbpedia.org/resource/Entertainer	2
http://dbpedia.org/resource/Walt_Disney	http://dbpedia.org/resource/Businessperson	5
http://dbpedia.org/resource/Walt_Disney	http://dbpedia.org/resource/Animator	6
http://dbpedia.org/resource/Walt_Disney	http://dbpedia.org/resource/Actor	1
http://dbpedia.org/resource/Jimmy_Carter	http://dbpedia.org/resource/Statesman	4
http://dbpedia.org/resource/Jimmy_Carter	http://dbpedia.org/resource/Novelist	0
http://dbpedia.org/resource/Jimmy_Carter	http://dbpedia.org/resource/Military_Officer	1
http://dbpedia.org/resource/Jimmy_Carter	http://dbpedia.org/resource/Farmer	1
http://dbpedia.org/resource/Jimmy_Carter	http://dbpedia.org/resource/Author	1
http://dbpedia.org/resource/Lady_Gaga	http://dbpedia.org/resource/Social_activist	1
http://dbpedia.org/resource/Lady_Gaga	http://dbpedia.org/resource/Singer-songwriter	7
http://dbpedia.org/resource/Lady_Gaga	http://dbpedia.org/resource/Record_producer	3
http://dbpedia.org/resource/Lady_Gaga	http://dbpedia.org/resource/Fashion_Designer	3
http://dbpedia.org/resource/Lady_Gaga	http://dbpedia.org/resource/Businessperson	1
http://dbpedia.org/resource/Lady_Gaga	http://dbpedia.org/resource/Actor	3
http://dbpedia.org/resource/Albert_Einstein	http://dbpedia.org/resource/Theoretical_Physicist	7
http://dbpedia.org/resource/Albert_Einstein	http://dbpedia.org/resource/Teacher	2
http://dbpedia.org/resource/Albert_Einstein	http://dbpedia.org/resource/Philosopher	4
http://dbpedia.org/resource/Albert_Einstein	http://dbpedia.org/resource/Mathematician	4
http://dbpedia.org/resource/Albert_Einstein	http://dbpedia.org/resource/Author	2
http://dbpedia.org/resource/Stevie_Wonder	http://dbpedia.org/resource/Singer-songwriter	6
http://dbpedia.org/resource/Stevie_Wonder	http://dbpedia.org/resource/Record_producer	5
http://dbpedia.org/resource/Stevie_Wonder	http://dbpedia.org/resource/Pianist	4
http://dbpedia.org/resource/Stevie_Wonder	http://dbpedia.org/resource/Organist	2
http://dbpedia.org/resource/Stevie_Wonder	http://dbpedia.org/resource/Multi-instrumentalist	5
http://dbpedia.org/resource/Stevie_Wonder	http://dbpedia.org/resource/Lyricist	4
http://dbpedia.org/resource/Stevie_Wonder	http://dbpedia.org/resource/Keyboard_player	5
http://dbpedia.org/resource/Stevie_Wonder	http://dbpedia.org/resource/Film_Score_Composer	0
http://dbpedia.org/resource/Stevie_Wonder	http://dbpedia.org/resource/Film_Producer	1
http://dbpedia.org/resource/Stevie_Wonder	http://dbpedia.org/resource/Drummer	0
http://dbpedia.org/resource/Stevie_Wonder	http://dbpedia.org/resource/Actor	1
http://dbpedia.org/resource/Frank_Zappa	http://dbpedia.org/resource/Songwriter	7
http://dbpedia.org/resource/Frank_Zappa	http://dbpedia.org/resource/Record_producer	3
http://dbpedia.org/resource/Frank_Zappa	http://dbpedia.org/resource/Conductor	1
http://dbpedia.org/resource/Frank_Zappa	http://dbpedia.org/resource/Composer	5
http://dbpedia.org/resource/Neil_Young	http://dbpedia.org/resource/Songwriter	7
http://dbpedia.org/resource/Neil_Young	http://dbpedia.org/resource/Screenwriter	2
http://dbpedia.org/resource/Neil_Young	http://dbpedia.org/resource/Record_producer	3
http://dbpedia.org/resource/Neil_Young	http://dbpedia.org/resource/Film_Score_Composer	1
http://dbpedia.org/resource/Neil_Young	http://dbpedia.org/resource/Film_Producer	2
http://dbpedia.org/resource/Neil_Young	http://dbpedia.org/resource/Film_Director	2
http://dbpedia.org/resource/Neil_Young	http://dbpedia.org/resource/Actor	1
http://dbpedia.org/resource/Neil_Young	http://dbpedia.org/resource/Activist	2
http://dbpedia.org/resource/Alfred_Hitchcock	http://dbpedia.org/resource/Television_Producer	4
http://dbpedia.org/resource/Alfred_Hitchcock	http://dbpedia.org/resource/Television_director	4
http://dbpedia.org/resource/Alfred_Hitchcock	http://dbpedia.org/resource/Screenwriter	4
http://dbpedia.org/resource/Alfred_Hitchcock	http://dbpedia.org/resource/Film_Producer	7
http://dbpedia.org/resource/Alfred_Hitchcock	http://dbpedia.org/resource/Film_Director	7
http://dbpedia.org/resource/Alfred_Hitchcock	http://dbpedia.org/resource/Film_Art_Director	4
http://dbpedia.org/resource/Alfred_Hitchcock	http://dbpedia.org/resource/Actor	0
http://dbpedia.org/resource/Marvin_Gaye	http://dbpedia.org/resource/Singer-songwriter	7
http://dbpedia.org/resource/Marvin_Gaye	http://dbpedia.org/resource/Record_producer	3
http://dbpedia.org/resource/Marvin_Gaye	http://dbpedia.org/resource/Keyboard_player	2
http://dbpedia.org/resource/Marvin_Gaye	http://dbpedia.org/resource/Film_Score_Composer	0
http://dbpedia.org/resource/Luke_the_Evangelist	http://dbpedia.org/resource/Writer	7
http://dbpedia.org/resource/Luke_the_Evangelist	http://dbpedia.org/resource/Physician	0
http://dbpedia.org/resource/Justin_Timberlake	http://dbpedia.org/resource/Television_Producer	0
http://dbpedia.org/resource/Justin_Timberlake	http://dbpedia.org/resource/Singer-songwriter	7
http://dbpedia.org/resource/Justin_Timberlake	http://dbpedia.org/resource/Record_producer	4
http://dbpedia.org/resource/Justin_Timberlake	http://dbpedia.org/resource/Film_Producer	0
http://dbpedia.org/resource/Justin_Timberlake	http://dbpedia.org/resource/Dancer	4
http://dbpedia.org/resource/Justin_Timberlake	http://dbpedia.org/resource/Businessperson	2
http://dbpedia.org/resource/Justin_Timberlake	http://dbpedia.org/resource/Actor	5
http://dbpedia.org/resource/Bertolt_Brecht	http://dbpedia.org/resource/Theatre_Director	7
http://dbpedia.org/resource/Bertolt_Brecht	http://dbpedia.org/resource/Screenwriter	1
http://dbpedia.org/resource/Bertolt_Brecht	http://dbpedia.org/resource/Poet	6
http://dbpedia.org/resource/Bertolt_Brecht	http://dbpedia.org/resource/Playwright	7
http://dbpedia.org/resource/Bertolt_Brecht	http://dbpedia.org/resource/Lyricist	1
http://dbpedia.org/resource/Bertolt_Brecht	http://dbpedia.org/resource/Librettist	1
http://dbpedia.org/resource/James_Cook	http://dbpedia.org/resource/Sailor	5
http://dbpedia.org/resource/James_Cook	http://dbpedia.org/resource/Explorer	7
http://dbpedia.org/resource/Tupac_Shakur	http://dbpedia.org/resource/Songwriter	6
http://dbpedia.org/resource/Tupac_Shakur	http://dbpedia.org/resource/Social_activist	1
http://dbpedia.org/resource/Tupac_Shakur	http://dbpedia.org/resource/Record_producer	3
http://dbpedia.org/resource/Tupac_Shakur	http://dbpedia.org/resource/Rapper	7
http://dbpedia.org/resource/Tupac_Shakur	http://dbpedia.org/resource/Poet	2
http://dbpedia.org/resource/Tupac_Shakur	http://dbpedia.org/resource/Dancer	2
http://dbpedia.org/resource/Tupac_Shakur	http://dbpedia.org/resource/Actor	3
http://dbpedia.org/resource/Missy_Elliott	http://dbpedia.org/resource/Singer-songwriter	7
http://dbpedia.org/resource/Missy_Elliott	http://dbpedia.org/resource/Record_producer	3
http://dbpedia.org/resource/Missy_Elliott	http://dbpedia.org/resource/Rapper	6
http://dbpedia.org/resource/Missy_Elliott	http://dbpedia.org/resource/Dancer	2
http://dbpedia.org/resource/Missy_Elliott	http://dbpedia.org/resource/Actor	1
http://dbpedia.org/resource/Samuel_Taylor_Coleridge	http://dbpedia.org/resource/Poet	7
http://dbpedia.org/resource/Samuel_Taylor_Coleridge	http://dbpedia.org/resource/Philosopher	6
http://dbpedia.org/resource/Samuel_Taylor_Coleridge	http://dbpedia.org/resource/Critic	5
http://dbpedia.org/resource/Billy_Joel	http://dbpedia.org/resource/Singer-songwriter	7
http://dbpedia.org/resource/Billy_Joel	http://dbpedia.org/resource/Pianist	6
http://dbpedia.org/resource/Billy_Joel	http://dbpedia.org/resource/Orchestrator	1
http://dbpedia.org/resource/Billy_Joel	http://dbpedia.org/resource/Lyricist	5
http://dbpedia.org/resource/Billy_Joel	http://dbpedia.org/resource/Composer	5
http://dbpedia.org/resource/Billy_Joel	http://dbpedia.org/resource/Businessperson	0
http://dbpedia.org/resource/Miley_Cyrus	http://dbpedia.org/resource/Singer-songwriter	5
http://dbpedia.org/resource/Miley_Cyrus	http://dbpedia.org/resource/Model	0
http://dbpedia.org/resource/Miley_Cyrus	http://dbpedia.org/resource/Dancer	1
http://dbpedia.org/resource/Miley_Cyrus	http://dbpedia.org/resource/Actor	6
http://dbpedia.org/resource/Geoffrey_Chaucer	http://dbpedia.org/resource/Poet	7
http://dbpedia.org/resource/Geoffrey_Chaucer	http://dbpedia.org/resource/Philosopher	5
http://dbpedia.org/resource/Geoffrey_Chaucer	http://dbpedia.org/resource/Diplomat	1
http://dbpedia.org/resource/Geoffrey_Chaucer	http://dbpedia.org/resource/Bureaucrat	1
http://dbpedia.org/resource/Geoffrey_Chaucer	http://dbpedia.org/resource/Author	7
http://dbpedia.org/resource/Geoffrey_Chaucer	http://dbpedia.org/resource/Astrologer	1
http://dbpedia.org/resource/Bryan_Adams	http://dbpedia.org/resource/Social_activist	3
http://dbpedia.org/resource/Bryan_Adams	http://dbpedia.org/resource/Singer-songwriter	7
http://dbpedia.org/resource/Bryan_Adams	http://dbpedia.org/resource/Record_producer	4
http://dbpedia.org/resource/Bryan_Adams	http://dbpedia.org/resource/Photographer	3
http://dbpedia.org/resource/Bryan_Adams	http://dbpedia.org/resource/Film_Score_Composer	1
http://dbpedia.org/resource/Bryan_Adams	http://dbpedia.org/resource/Actor	2
http://dbpedia.org/resource/Tacitus	http://dbpedia.org/resource/Writer	4
http://dbpedia.org/resource/Tacitus	http://dbpedia.org/resource/Historian	7
http://dbpedia.org/resource/Ben_Jonson	http://dbpedia.org/resource/Poet	6
http://dbpedia.org/resource/Ben_Jonson	http://dbpedia.org/resource/Playwright	6
http://dbpedia.org/resource/Ben_Jonson	http://dbpedia.org/resource/Actor	2
http://dbpedia.org/resource/Paul_Newman	http://dbpedia.org/resource/Voice_Actor	3
http://dbpedia.org/resource/Paul_Newman	http://dbpedia.org/resource/Racing_driver	2
http://dbpedia.org/resource/Paul_Newman	http://dbpedia.org/resource/Philanthropist	2
http://dbpedia.org/resource/Paul_Newman	http://dbpedia.org/resource/Film_Producer	4
http://dbpedia.org/resource/Paul_Newman	http://dbpedia.org/resource/Film_Director	7
http://dbpedia.org/resource/Paul_Newman	http://dbpedia.org/resource/Entrepreneur	4
http://dbpedia.org/resource/Paul_Newman	http://dbpedia.org/resource/Businessperson	3
http://dbpedia.org/resource/Paul_Newman	http://dbpedia.org/resource/Actor	7
http://dbpedia.org/resource/Paul_Newman	http://dbpedia.org/resource/Activist	2
http://dbpedia.org/resource/Howard_Hughes	http://dbpedia.org/resource/Pilot	3
http://dbpedia.org/resource/Howard_Hughes	http://dbpedia.org/resource/Philanthropist	2
http://dbpedia.org/resource/Howard_Hughes	http://dbpedia.org/resource/Investor	5
http://dbpedia.org/resource/Howard_Hughes	http://dbpedia.org/resource/Film_Producer	1
http://dbpedia.org/resource/Howard_Hughes	http://dbpedia.org/resource/Film_Director	0
http://dbpedia.org/resource/Howard_Hughes	http://dbpedia.org/resource/Engineer	6
http://dbpedia.org/resource/Peter_Sellers	http://dbpedia.org/resource/Singer	5
http://dbpedia.org/resource/Peter_Sellers	http://dbpedia.org/resource/Screenwriter	1
http://dbpedia.org/resource/Peter_Sellers	http://dbpedia.org/resource/Film_Director	1
http://dbpedia.org/resource/Peter_Sellers	http://dbpedia.org/resource/Comedian	6
http://dbpedia.org/resource/Peter_Sellers	http://dbpedia.org/resource/Actor	7
http://dbpedia.org/resource/Zhou_Enlai	http://dbpedia.org/resource/Revolutionary	6
http://dbpedia.org/resource/Zhou_Enlai	http://dbpedia.org/resource/Politician	6
http://dbpedia.org/resource/Zhou_Enlai	http://dbpedia.org/resource/Diplomat	6
http://dbpedia.org/resource/Carlos_Santana	http://dbpedia.org/resource/Songwriter	5
http://dbpedia.org/resource/Carlos_Santana	http://dbpedia.org/resource/Guitarist	6
http://dbpedia.org/resource/Carlos_Santana	http://dbpedia.org/resource/Bandleader	5
http://dbpedia.org/resource/Lorenz_Hart	http://dbpedia.org/resource/Songwriter	6
http://dbpedia.org/resource/Lorenz_Hart	http://dbpedia.org/resource/Playwright	3
http://dbpedia.org/resource/Lorenz_Hart	http://dbpedia.org/resource/Lyricist	5
http://dbpedia.org/resource/Lorenz_Hart	http://dbpedia.org/resource/Composer	6
http://dbpedia.org/resource/Gabriel_Fauré	http://dbpedia.org/resource/Pianist	6
http://dbpedia.org/resource/Gabriel_Fauré	http://dbpedia.org/resource/Organist	7
http://dbpedia.org/resource/Gabriel_Fauré	http://dbpedia.org/resource/Conductor	1
http://dbpedia.org/resource/Gabriel_Fauré	http://dbpedia.org/resource/Composer	7
http://dbpedia.org/resource/John_Henry_Newman	http://dbpedia.org/resource/Theologian	4
http://dbpedia.org/resource/John_Henry_Newman	http://dbpedia.org/resource/Priest	7
http://dbpedia.org/resource/John_Henry_Newman	http://dbpedia.org/resource/Novelist	0
http://dbpedia.org/resource/Nikolai_Rimsky-Korsakov	http://dbpedia.org/resource/Conductor	2
http://dbpedia.org/resource/Nikolai_Rimsky-Korsakov	http://dbpedia.org/resource/Composer	7
http://dbpedia.org/resource/Thomas_Carlyle	http://dbpedia.org/resource/Writer	6
http://dbpedia.org/resource/Thomas_Carlyle	http://dbpedia.org/resource/Philosopher	7
http://dbpedia.org/resource/Thomas_Carlyle	http://dbpedia.org/resource/Mathematician	2
http://dbpedia.org/resource/Billy_Graham	http://dbpedia.org/resource/Screenwriter	0
http://dbpedia.org/resource/Billy_Graham	http://dbpedia.org/resource/Preacher	7
http://dbpedia.org/resource/Billy_Graham	http://dbpedia.org/resource/Pastor	6
http://dbpedia.org/resource/Billy_Graham	http://dbpedia.org/resource/Film_Producer	0
http://dbpedia.org/resource/Billy_Graham	http://dbpedia.org/resource/Evangelist	7
http://dbpedia.org/resource/Billy_Graham	http://dbpedia.org/resource/Actor	0
http://dbpedia.org/resource/Ewan_McGregor	http://dbpedia.org/resource/Voice_Actor	3
http://dbpedia.org/resource/Ewan_McGregor	http://dbpedia.org/resource/Television_Producer	0
http://dbpedia.org/resource/Ewan_McGregor	http://dbpedia.org/resource/Singer	1
http://dbpedia.org/resource/Ewan_McGregor	http://dbpedia.org/resource/Screenwriter	0
http://dbpedia.org/resource/Ewan_McGregor	http://dbpedia.org/resource/Actor	7
http://dbpedia.org/resource/J._D._Salinger	http://dbpedia.org/resource/Soldier	0
http://dbpedia.org/resource/J._D._Salinger	http://dbpedia.org/resource/Novelist	7
http://dbpedia.org/resource/Fats_Waller	http://dbpedia.org/resource/Singer	6
http://dbpedia.org/resource/Fats_Waller	http://dbpedia.org/resource/Organist	6
http://dbpedia.org/resource/Fats_Waller	http://dbpedia.org/resource/Jazz_Pianist	7
http://dbpedia.org/resource/Fats_Waller	http://dbpedia.org/resource/Composer	4
http://dbpedia.org/resource/Fats_Waller	http://dbpedia.org/resource/Comedian	1
http://dbpedia.org/resource/Edward_R._Murrow	http://dbpedia.org/resource/TV_Editor	2
http://dbpedia.org/resource/Edward_R._Murrow	http://dbpedia.org/resource/Television_Producer	3
http://dbpedia.org/resource/Edward_R._Murrow	http://dbpedia.org/resource/Screenwriter	0
http://dbpedia.org/resource/Edward_R._Murrow	http://dbpedia.org/resource/Journalist	7
http://dbpedia.org/resource/Edward_R._Murrow	http://dbpedia.org/resource/Film_Producer	1
http://dbpedia.org/resource/Edward_R._Murrow	http://dbpedia.org/resource/Film_Editor	1
http://dbpedia.org/resource/Edward_R._Murrow	http://dbpedia.org/resource/Broadcaster	7
http://dbpedia.org/resource/Ryuichi_Sakamoto	http://dbpedia.org/resource/Writer	3
http://dbpedia.org/resource/Ryuichi_Sakamoto	http://dbpedia.org/resource/Record_producer	3
http://dbpedia.org/resource/Ryuichi_Sakamoto	http://dbpedia.org/resource/Pianist	6
http://dbpedia.org/resource/Ryuichi_Sakamoto	http://dbpedia.org/resource/Film_Score_Composer	4
http://dbpedia.org/resource/Ryuichi_Sakamoto	http://dbpedia.org/resource/Actor	3
http://dbpedia.org/resource/Brian_McKnight	http://dbpedia.org/resource/Television_Producer	0
http://dbpedia.org/resource/Brian_McKnight	http://dbpedia.org/resource/Singer-songwriter	7
http://dbpedia.org/resource/Brian_McKnight	http://dbpedia.org/resource/Record_producer	3
http://dbpedia.org/resource/Brian_McKnight	http://dbpedia.org/resource/Music_Arranger	5
http://dbpedia.org/resource/Brian_McKnight	http://dbpedia.org/resource/Composer	3
http://dbpedia.org/resource/Brian_McKnight	http://dbpedia.org/resource/Actor	0
http://dbpedia.org/resource/Julio_Iglesias	http://dbpedia.org/resource/Songwriter	5
http://dbpedia.org/resource/Julio_Iglesias	http://dbpedia.org/resource/Singer-songwriter	6
http://dbpedia.org/resource/Steven_Van_Zandt	http://dbpedia.org/resource/Songwriter	5
http://dbpedia.org/resource/Steven_Van_Zandt	http://dbpedia.org/resource/Singer-songwriter	4
http://dbpedia.org/resource/Steven_Van_Zandt	http://dbpedia.org/resource/Record_producer	4
http://dbpedia.org/resource/Steven_Van_Zandt	http://dbpedia.org/resource/Music_Arranger	4
http://dbpedia.org/resource/Steven_Van_Zandt	http://dbpedia.org/resource/Guitarist	3
http://dbpedia.org/resource/Steven_Van_Zandt	http://dbpedia.org/resource/Disc_jockey	3
http://dbpedia.org/resource/Steven_Van_Zandt	http://dbpedia.org/resource/Actor	5
http://dbpedia.org/resource/Malcolm_Young	http://dbpedia.org/resource/Songwriter	7
http://dbpedia.org/resource/Malcolm_Young	http://dbpedia.org/resource/Singer	6
http://dbpedia.org/resource/Malcolm_Young	http://dbpedia.org/resource/Record_producer	2
http://dbpedia.org/resource/Malcolm_Young	http://dbpedia.org/resource/Guitarist	6
http://dbpedia.org/resource/Malcolm_Young	http://dbpedia.org/resource/Film_Score_Composer	0
http://dbpedia.org/resource/Malcolm_Young	http://dbpedia.org/resource/Actor	1
http://dbpedia.org/resource/Dave_Navarro	http://dbpedia.org/resource/Television_Producer	0
http://dbpedia.org/resource/Dave_Navarro	http://dbpedia.org/resource/Singer	6
http://dbpedia.org/resource/Dave_Navarro	http://dbpedia.org/resource/Guitarist	7
http://dbpedia.org/resource/Dave_Navarro	http://dbpedia.org/resource/Film_Score_Composer	0
http://dbpedia.org/resource/Dave_Navarro	http://dbpedia.org/resource/Actor	0
http://dbpedia.org/resource/Guru_Dutt	http://dbpedia.org/resource/Screenwriter	2
http://dbpedia.org/resource/Guru_Dutt	http://dbpedia.org/resource/Film_Producer	7
http://dbpedia.org/resource/Guru_Dutt	http://dbpedia.org/resource/Film_Director	7
http://dbpedia.org/resource/Guru_Dutt	http://dbpedia.org/resource/Choreography	2
http://dbpedia.org/resource/Guru_Dutt	http://dbpedia.org/resource/Actor	6
http://dbpedia.org/resource/Jayalalithaa	http://dbpedia.org/resource/Politician	6
http://dbpedia.org/resource/Jayalalithaa	http://dbpedia.org/resource/Playback_Singer	0
http://dbpedia.org/resource/Jayalalithaa	http://dbpedia.org/resource/Actor	5
http://dbpedia.org/resource/Stacy_Keach	http://dbpedia.org/resource/Voice_Actor	6
http://dbpedia.org/resource/Stacy_Keach	http://dbpedia.org/resource/Television_Producer	1
http://dbpedia.org/resource/Stacy_Keach	http://dbpedia.org/resource/Actor	7
http://dbpedia.org/resource/David_Essex	http://dbpedia.org/resource/Singer-songwriter	7
http://dbpedia.org/resource/David_Essex	http://dbpedia.org/resource/Film_Score_Composer	1
http://dbpedia.org/resource/David_Essex	http://dbpedia.org/resource/Actor	5
http://dbpedia.org/resource/Hilary_Putnam	http://dbpedia.org/resource/Physician	0
http://dbpedia.org/resource/Hilary_Putnam	http://dbpedia.org/resource/Philosopher	7
http://dbpedia.org/resource/Hilary_Putnam	http://dbpedia.org/resource/Mathematician	6
http://dbpedia.org/resource/Ellen_Page	http://dbpedia.org/resource/Voice_Actor	2
http://dbpedia.org/resource/Ellen_Page	http://dbpedia.org/resource/Actor	7
http://dbpedia.org/resource/Michelle_Yeoh	http://dbpedia.org/resource/Film_Producer	0
http://dbpedia.org/resource/Michelle_Yeoh	http://dbpedia.org/resource/Dancer	2
http://dbpedia.org/resource/Michelle_Yeoh	http://dbpedia.org/resource/Choreographer	1
http://dbpedia.org/resource/Michelle_Yeoh	http://dbpedia.org/resource/Actor	7
http://dbpedia.org/resource/Alexander_Downer	http://dbpedia.org/resource/Politician	6
http://dbpedia.org/resource/Alexander_Downer	http://dbpedia.org/resource/Economist	1
http://dbpedia.org/resource/John_Renbourn	http://dbpedia.org/resource/Songwriter	7
http://dbpedia.org/resource/John_Renbourn	http://dbpedia.org/resource/Guitarist	6
http://dbpedia.org/resource/Dennis_Johnson	http://dbpedia.org/resource/Coach	4
http://dbpedia.org/resource/Dennis_Johnson	http://dbpedia.org/resource/Basketball_player	7
http://dbpedia.org/resource/Adoor_Gopalakrishnan	http://dbpedia.org/resource/Screenwriter	7
http://dbpedia.org/resource/Adoor_Gopalakrishnan	http://dbpedia.org/resource/Film_Producer	7
http://dbpedia.org/resource/Adoor_Gopalakrishnan	http://dbpedia.org/resource/Film_Director	7
http://dbpedia.org/resource/Steve_Jordan_(musician)	http://dbpedia.org/resource/Songwriter	5
http://dbpedia.org/resource/Steve_Jordan_(musician)	http://dbpedia.org/resource/Record_producer	4
http://dbpedia.org/resource/Steve_Jordan_(musician)	http://dbpedia.org/resource/Music_Director	5
http://dbpedia.org/resource/Steve_Jordan_(musician)	http://dbpedia.org/resource/Multi-instrumentalist	6
http://dbpedia.org/resource/Steve_Jordan_(musician)	http://dbpedia.org/resource/Film_Score_Composer	2
http://dbpedia.org/resource/Steve_Jordan_(musician)	http://dbpedia.org/resource/Educator	2
http://dbpedia.org/resource/Steve_Jordan_(musician)	http://dbpedia.org/resource/Drummer	6
http://dbpedia.org/resource/Steve_Jordan_(musician)	http://dbpedia.org/resource/Actor	0
http://dbpedia.org/resource/Aleksander_Kwaśniewski	http://dbpedia.org/resource/Politician	7
http://dbpedia.org/resource/Aleksander_Kwaśniewski	http://dbpedia.org/resource/Journalist	2
http://dbpedia.org/resource/William_Jackson_(secretary)	http://dbpedia.org/resource/Military_Officer	7
http://dbpedia.org/resource/William_Jackson_(secretary)	http://dbpedia.org/resource/Merchant	2
http://dbpedia.org/resource/William_Jackson_(secretary)	http://dbpedia.org/resource/Lawyer	2
http://dbpedia.org/resource/Nichelle_Nichols	http://dbpedia.org/resource/Voice_Actor	5
http://dbpedia.org/resource/Nichelle_Nichols	http://dbpedia.org/resource/Singer	6
http://dbpedia.org/resource/Nichelle_Nichols	http://dbpedia.org/resource/Film_Producer	0
http://dbpedia.org/resource/Nichelle_Nichols	http://dbpedia.org/resource/Actor	7
http://dbpedia.org/resource/Slim_Pickens	http://dbpedia.org/resource/Rodeo_performer	2
http://dbpedia.org/resource/Slim_Pickens	http://dbpedia.org/resource/Rodeo_clown	1
http://dbpedia.org/resource/Slim_Pickens	http://dbpedia.org/resource/Actor	7
http://dbpedia.org/resource/John_Elefante	http://dbpedia.org/resource/Singer-songwriter	7
http://dbpedia.org/resource/John_Elefante	http://dbpedia.org/resource/Record_producer	4
http://dbpedia.org/resource/Isaac_Isaacs	http://dbpedia.org/resource/Politician	5
http://dbpedia.org/resource/Isaac_Isaacs	http://dbpedia.org/resource/Judge	6
http://dbpedia.org/resource/Isaac_Isaacs	http://dbpedia.org/resource/Barrister	1
http://dbpedia.org/resource/Lillian_Russell	http://dbpedia.org/resource/Singer	7
http://dbpedia.org/resource/Lillian_Russell	http://dbpedia.org/resource/Actor	7
http://dbpedia.org/resource/Giambattista_della_Porta	http://dbpedia.org/resource/Meteorologist	3
http://dbpedia.org/resource/Giambattista_della_Porta	http://dbpedia.org/resource/Mathematician	6
http://dbpedia.org/resource/Giambattista_della_Porta	http://dbpedia.org/resource/Alchemist	4
http://dbpedia.org/resource/Lotti_Golden	http://dbpedia.org/resource/Songwriter	6
http://dbpedia.org/resource/Lotti_Golden	http://dbpedia.org/resource/Singer-songwriter	7
http://dbpedia.org/resource/Alexandra_Stan	http://dbpedia.org/resource/Singer-songwriter	5
http://dbpedia.org/resource/Alexandra_Stan	http://dbpedia.org/resource/Model	4
http://dbpedia.org/resource/Mervyn_Warren	http://dbpedia.org/resource/Songwriter	6
http://dbpedia.org/resource/Mervyn_Warren	http://dbpedia.org/resource/Singer	4
http://dbpedia.org/resource/Mervyn_Warren	http://dbpedia.org/resource/Record_producer	6
http://dbpedia.org/resource/Mervyn_Warren	http://dbpedia.org/resource/Pianist	7
http://dbpedia.org/resource/Mervyn_Warren	http://dbpedia.org/resource/Music_Arranger	3
http://dbpedia.org/resource/Mervyn_Warren	http://dbpedia.org/resource/Lyricist	5
http://dbpedia.org/resource/Mervyn_Warren	http://dbpedia.org/resource/Film_Score_Composer	5
http://dbpedia.org/resource/Mervyn_Warren	http://dbpedia.org/resource/Conductor	5
http://dbpedia.org/resource/Mervyn_Warren	http://dbpedia.org/resource/Actor	2
http://dbpedia.org/resource/Mark_Turner_(musician)	http://dbpedia.org/resource/Songwriter	2
http://dbpedia.org/resource/Mark_Turner_(musician)	http://dbpedia.org/resource/Record_producer	0
http://dbpedia.org/resource/Sam_Lee_(actor)	http://dbpedia.org/resource/Singer	1
http://dbpedia.org/resource/Sam_Lee_(actor)	http://dbpedia.org/resource/Rapper	0
http://dbpedia.org/resource/Sam_Lee_(actor)	http://dbpedia.org/resource/Model	2
http://dbpedia.org/resource/Sam_Lee_(actor)	http://dbpedia.org/resource/Disc_jockey	0
http://dbpedia.org/resource/Sam_Lee_(actor)	http://dbpedia.org/resource/Actor	7
http://dbpedia.org/resource/Mike_Dean_(record_producer)	http://dbpedia.org/resource/Record_producer	6
http://dbpedia.org/resource/Mike_Dean_(record_producer)	http://dbpedia.org/resource/Musician	6
http://dbpedia.org/resource/Mike_Dean_(record_producer)	http://dbpedia.org/resource/Audio_Engineer	3
http://dbpedia.org/resource/Fernandel	http://dbpedia.org/resource/Singer	5
http://dbpedia.org/resource/Fernandel	http://dbpedia.org/resource/Film_Producer	0
http://dbpedia.org/resource/Fernandel	http://dbpedia.org/resource/Actor	7
http://dbpedia.org/resource/Luiz_Gonzaga	http://dbpedia.org/resource/Songwriter	7
http://dbpedia.org/resource/Luiz_Gonzaga	http://dbpedia.org/resource/Singer	7
http://dbpedia.org/resource/Luiz_Gonzaga	http://dbpedia.org/resource/Poet	6
http://dbpedia.org/resource/Luiz_Gonzaga	http://dbpedia.org/resource/Film_Score_Composer	0
http://dbpedia.org/resource/Luiz_Gonzaga	http://dbpedia.org/resource/Actor	0
http://dbpedia.org/resource/Tony_Walton	http://dbpedia.org/resource/Scenic_Designer	5
http://dbpedia.org/resource/Tony_Walton	http://dbpedia.org/resource/Production_designer	4
http://dbpedia.org/resource/Tony_Walton	http://dbpedia.org/resource/Costume_Designer	7
http://dbpedia.org/resource/Tony_Walton	http://dbpedia.org/resource/Art_Director	6
http://dbpedia.org/resource/Nicole_C._Mullen	http://dbpedia.org/resource/Songwriter	7
http://dbpedia.org/resource/Nicole_C._Mullen	http://dbpedia.org/resource/Choreography	2
http://dbpedia.org/resource/Morley_Callaghan	http://dbpedia.org/resource/Playwright	5
http://dbpedia.org/resource/Morley_Callaghan	http://dbpedia.org/resource/Novelist	7
http://dbpedia.org/resource/Morley_Callaghan	http://dbpedia.org/resource/Lawyer	0
http://dbpedia.org/resource/Morley_Callaghan	http://dbpedia.org/resource/Journalist	2
http://dbpedia.org/resource/Hugues_Duboscq	http://dbpedia.org/resource/Swimmer	7
http://dbpedia.org/resource/Hugues_Duboscq	http://dbpedia.org/resource/Police_officer	0
http://dbpedia.org/resource/Eric_Dover	http://dbpedia.org/resource/Songwriter	6
http://dbpedia.org/resource/Eric_Dover	http://dbpedia.org/resource/Singer	5
http://dbpedia.org/resource/Nellie_Tayloe_Ross	http://dbpedia.org/resource/Teacher	1
http://dbpedia.org/resource/Nellie_Tayloe_Ross	http://dbpedia.org/resource/Politician	7
http://dbpedia.org/resource/Kaye_Adams	http://dbpedia.org/resource/Presenter	7
http://dbpedia.org/resource/Kaye_Adams	http://dbpedia.org/resource/Journalist	3
http://dbpedia.org/resource/Émerson_Leão	http://dbpedia.org/resource/Football_player	5
http://dbpedia.org/resource/Émerson_Leão	http://dbpedia.org/resource/Coach	5
http://dbpedia.org/resource/Valentin_Lebedev	http://dbpedia.org/resource/Engineer	2
http://dbpedia.org/resource/Valentin_Lebedev	http://dbpedia.org/resource/Astronaut	6
http://dbpedia.org/resource/Jerry_Kleczka	http://dbpedia.org/resource/Politician	7
http://dbpedia.org/resource/Jerry_Kleczka	http://dbpedia.org/resource/Accountant	0
http://dbpedia.org/resource/Rudy_Wurlitzer	http://dbpedia.org/resource/Screenwriter	6
http://dbpedia.org/resource/Rudy_Wurlitzer	http://dbpedia.org/resource/Novelist	7
http://dbpedia.org/resource/Rudy_Wurlitzer	http://dbpedia.org/resource/Actor	2
http://dbpedia.org/resource/Steven_Johnson_(author)	http://dbpedia.org/resource/Science_writer	6
http://dbpedia.org/resource/Steven_Johnson_(author)	http://dbpedia.org/resource/Journalist	3
http://dbpedia.org/resource/Steven_Johnson_(author)	http://dbpedia.org/resource/Author	7
http://dbpedia.org/resource/Tim_Herlihy	http://dbpedia.org/resource/Television_Producer	3
http://dbpedia.org/resource/Tim_Herlihy	http://dbpedia.org/resource/Screenwriter	7
http://dbpedia.org/resource/Tim_Herlihy	http://dbpedia.org/resource/Lawyer	0
http://dbpedia.org/resource/Tim_Herlihy	http://dbpedia.org/resource/Film_Score_Composer	0
http://dbpedia.org/resource/Tim_Herlihy	http://dbpedia.org/resource/Film_Producer	5
http://dbpedia.org/resource/Tim_Herlihy	http://dbpedia.org/resource/Actor	6
http://dbpedia.org/resource/Kerry_Kennedy	http://dbpedia.org/resource/Social_activist	6
http://dbpedia.org/resource/Kerry_Kennedy	http://dbpedia.org/resource/Lawyer	1
http://dbpedia.org/resource/Kerry_Kennedy	http://dbpedia.org/resource/Author	5
http://dbpedia.org/resource/Riker_Lynch	http://dbpedia.org/resource/Singer-songwriter	6
http://dbpedia.org/resource/Riker_Lynch	http://dbpedia.org/resource/Guitarist	4
http://dbpedia.org/resource/Riker_Lynch	http://dbpedia.org/resource/Dancer	2
http://dbpedia.org/resource/Riker_Lynch	http://dbpedia.org/resource/Bassist	2
http://dbpedia.org/resource/Riker_Lynch	http://dbpedia.org/resource/Actor	5
http://dbpedia.org/resource/Jacques_Bergier	http://dbpedia.org/resource/Writer	5
http://dbpedia.org/resource/Jacques_Bergier	http://dbpedia.org/resource/Engineer	4
http://dbpedia.org/resource/Johnnetta_B._Cole	http://dbpedia.org/resource/Professor	4
http://dbpedia.org/resource/Johnnetta_B._Cole	http://dbpedia.org/resource/Anthropologist	7
http://dbpedia.org/resource/Roy_Rowland_(film_director)	http://dbpedia.org/resource/Television_director	2
http://dbpedia.org/resource/Roy_Rowland_(film_director)	http://dbpedia.org/resource/Film_Producer	4
http://dbpedia.org/resource/Roy_Rowland_(film_director)	http://dbpedia.org/resource/Film_Director	7
http://dbpedia.org/resource/Arthur_Rooke	http://dbpedia.org/resource/Screenwriter	0
http://dbpedia.org/resource/Arthur_Rooke	http://dbpedia.org/resource/Film_Director	7
http://dbpedia.org/resource/Arthur_Rooke	http://dbpedia.org/resource/Actor	6
http://dbpedia.org/resource/Harold_MacGrath	http://dbpedia.org/resource/Screenwriter	6
http://dbpedia.org/resource/Harold_MacGrath	http://dbpedia.org/resource/Novelist	7
http://dbpedia.org/resource/Paul_Hersey	http://dbpedia.org/resource/Manager	1
http://dbpedia.org/resource/Paul_Hersey	http://dbpedia.org/resource/Consultant	5
http://dbpedia.org/resource/Paul_Hersey	http://dbpedia.org/resource/Author	6
http://dbpedia.org/resource/Jared_Kushner	http://dbpedia.org/resource/Media_proprietor	4
http://dbpedia.org/resource/Jared_Kushner	http://dbpedia.org/resource/Businessperson	7
http://dbpedia.org/resource/Steve_Lambke	http://dbpedia.org/resource/Singer-songwriter	7
http://dbpedia.org/resource/Steve_Lambke	http://dbpedia.org/resource/Guitarist	4
http://dbpedia.org/resource/Suzanne_Sena	http://dbpedia.org/resource/Television_Show_Host	7
http://dbpedia.org/resource/Suzanne_Sena	http://dbpedia.org/resource/Journalist	3
http://dbpedia.org/resource/Suzanne_Sena	http://dbpedia.org/resource/Actor	4
http://dbpedia.org/resource/Michael_Jackson_(anthropologist)	http://dbpedia.org/resource/Educator	6
http://dbpedia.org/resource/Michael_Jackson_(anthropologist)	http://dbpedia.org/resource/Anthropologist	7
http://dbpedia.org/resource/Peter_Sumner	http://dbpedia.org/resource/Writer	6
http://dbpedia.org/resource/Peter_Sumner	http://dbpedia.org/resource/Television_director	5
http://dbpedia.org/resource/Peter_Sumner	http://dbpedia.org/resource/Actor	7
http://dbpedia.org/resource/Monique_Gabrielle	http://dbpedia.org/resource/Pin-up_girl	3
http://dbpedia.org/resource/Monique_Gabrielle	http://dbpedia.org/resource/Film_Producer	2
http://dbpedia.org/resource/Monique_Gabrielle	http://dbpedia.org/resource/Actor	4
http://dbpedia.org/resource/Carol_Chumney	http://dbpedia.org/resource/Politician	6
http://dbpedia.org/resource/Carol_Chumney	http://dbpedia.org/resource/Lawyer	4
http://dbpedia.org/resource/Alex_Munro_(comedian)	http://dbpedia.org/resource/Comedian	7
http://dbpedia.org/resource/Alex_Munro_(comedian)	http://dbpedia.org/resource/Actor	5
http://dbpedia.org/resource/Tabitha_Stevens	http://dbpedia.org/resource/Pornographic_actor	7
http://dbpedia.org/resource/Tabitha_Stevens	http://dbpedia.org/resource/Film_Producer	0
http://dbpedia.org/resource/Matt_Brandstein	http://dbpedia.org/resource/Writer	6
http://dbpedia.org/resource/Matt_Brandstein	http://dbpedia.org/resource/Cartoonist	2
http://dbpedia.org/resource/Matt_Brandstein	http://dbpedia.org/resource/Actor	2
http://dbpedia.org/resource/Mark_Ciardi	http://dbpedia.org/resource/Film_Producer	5
http://dbpedia.org/resource/Mark_Ciardi	http://dbpedia.org/resource/Baseball_player	6
http://dbpedia.org/resource/Mark_Ciardi	http://dbpedia.org/resource/Actor	0
http://dbpedia.org/resource/Levine_Andrade	http://dbpedia.org/resource/Conductor	6
http://dbpedia.org/resource/Levine_Andrade	http://dbpedia.org/resource/Composer	5
http://dbpedia.org/resource/Ba_U	http://dbpedia.org/resource/Politician	6
http://dbpedia.org/resource/Ba_U	http://dbpedia.org/resource/Lawyer	4
http://dbpedia.org/resource/Jonathan_Aaron	http://dbpedia.org/resource/Professor	2
http://dbpedia.org/resource/Jonathan_Aaron	http://dbpedia.org/resource/Poet	7
http://dbpedia.org/resource/Thembo_Nyombi	http://dbpedia.org/resource/Politician	7
http://dbpedia.org/resource/Thembo_Nyombi	http://dbpedia.org/resource/Economist	6
http://dbpedia.org/resource/Steve_White_(producer)	http://dbpedia.org/resource/Film_Producer	7
http://dbpedia.org/resource/Steve_White_(producer)	http://dbpedia.org/resource/Actor	1
http://dbpedia.org/resource/Mindy_Aloff	http://dbpedia.org/resource/Journalist	6
http://dbpedia.org/resource/Mindy_Aloff	http://dbpedia.org/resource/Editor	6
http://dbpedia.org/resource/Vilen_Künnapu	http://dbpedia.org/resource/Professor	1
http://dbpedia.org/resource/Vilen_Künnapu	http://dbpedia.org/resource/Architect	7
http://dbpedia.org/resource/Janet_Fox_(author)	http://dbpedia.org/resource/Publisher	3
http://dbpedia.org/resource/Janet_Fox_(author)	http://dbpedia.org/resource/Book_editor	3
http://dbpedia.org/resource/Janet_Fox_(author)	http://dbpedia.org/resource/Author	7
http://dbpedia.org/resource/Gary_Cohn_(journalist)	http://dbpedia.org/resource/Professor	3
http://dbpedia.org/resource/Gary_Cohn_(journalist)	http://dbpedia.org/resource/Journalist	7
http://dbpedia.org/resource/Stan_Edmonds	http://dbpedia.org/resource/Screenwriter	1
http://dbpedia.org/resource/Stan_Edmonds	http://dbpedia.org/resource/Actor	2
http://dbpedia.org/resource/JoAnn_D._Osmond	http://dbpedia.org/resource/Politician	7
http://dbpedia.org/resource/JoAnn_D._Osmond	http://dbpedia.org/resource/Insurance_Broker	0
http://dbpedia.org/resource/Guillermo_de_Cun	http://dbpedia.org/resource/Television_Producer	4
http://dbpedia.org/resource/Guillermo_de_Cun	http://dbpedia.org/resource/Television_director	3
http://dbpedia.org/resource/Guillermo_de_Cun	http://dbpedia.org/resource/Screenwriter	1
http://dbpedia.org/resource/Guillermo_de_Cun	http://dbpedia.org/resource/Radio_producer	4
http://dbpedia.org/resource/Guillermo_de_Cun	http://dbpedia.org/resource/Music_Director	0
http://dbpedia.org/resource/Guillermo_de_Cun	http://dbpedia.org/resource/Actor	7
http://dbpedia.org/resource/Tericka_Dye	http://dbpedia.org/resource/Teacher	3
http://dbpedia.org/resource/Tericka_Dye	http://dbpedia.org/resource/Pornographic_actor	6
http://dbpedia.org/resource/David_K_Williams	http://dbpedia.org/resource/Philanthropist	1
http://dbpedia.org/resource/David_K_Williams	http://dbpedia.org/resource/Entrepreneur	5
http://dbpedia.org/resource/David_K_Williams	http://dbpedia.org/resource/Businessperson	7
http://dbpedia.org/resource/David_K_Williams	http://dbpedia.org/resource/Author	2
http://dbpedia.org/resource/Jon_Penington	http://dbpedia.org/resource/Screenwriter	7
http://dbpedia.org/resource/Jon_Penington	http://dbpedia.org/resource/Film_Producer	6
http://dbpedia.org/resource/Costas_Kadis	http://dbpedia.org/resource/Politician	3
http://dbpedia.org/resource/Costas_Kadis	http://dbpedia.org/resource/Physician	5
